<?xml version="1.0" encoding="UTF-8"?>
<!DOCTYPE suite SYSTEM "https://testng.org/testng-1.0.dtd">
<suite name="Suite">
<listeners>
		<listener class-name="base.Listeners" />
	</listeners>
  <test thread-count="5" name="Test">
    <classes>
      <class name="testcase.filter"/>
      <class name="testcase.about"/>
      <class name="testcase.addtocart"/>
      <class name = "testcase.logout"/>
      <class name = "testcase.login"/>
      <class name="base.basetest"/>
    </classes>
  </test> <!-- Test -->
</suite> <!-- Suite -->
